first_name,last_name
Adelaide,Smith
Sofia,Clark
Violet,Taylor
Garry,Campbell
Abraham,Fowler
Dale,Myers
Brooke,Casey
Kristian,Campbell
Tara,Anderson
Annabella,Morgan
Amelia,Martin
Joyce,Robinson
Alissa,Anderson
Paul,Tucker
Lucas,Scott
Charlie,Howard
Alfred,Morgan
Wilson,Ferguson
Carlos,Barrett
Jared,Baker
Adele,Casey
Stella,Turner
Kimberly,Richardson
Jack,Moore
Myra,Payne
Penelope,Thompson
Heather,Howard
Catherine,Hamilton
Ashton,Hall
Paige,Wells
Lana,Watson
Charlotte,Davis
Adelaide,Mason
Vincent,Kelly
Adam,Holmes
Edith,Gibson
Briony,Foster
Oscar,Ross
Daryl,Parker
Aida,Robinson
Tess,Cameron
Maria,Morris
Dexter,Montgomery
Clark,Nelson
Jenna,Ryan
Alan,Mason
Miranda,Montgomery
Miranda,Richardson
Alissa,Thompson
Cherry,Allen
Alisa,Ferguson
Michelle,Wright
Amanda,Walker
Arnold,Campbell
Florrie,Taylor
Sydney,Jones
Lily,Wilson
Jessica,Montgomery
Cadie,Hawkins
Maya,Walker
Byron,Adams
Rebecca,Walker
Miranda,Martin
Spike,Alexander
Antony,Gray
Lyndon,Hamilton
Brad,Howard
Andrew,Thompson
James,Turner
Freddie,Smith
Arthur,Grant
Abraham,Wilson
Max,Thomas
Dainton,Hunt
Lenny,Edwards
Vanessa,Nelson
Ryan,Robinson
Aida,Gray
Robert,Farrell
Michael,Armstrong
Agata,Clark
Myra,Rogers
Madaline,Foster
Daryl,Warren
Ellia,Ferguson
Sophia,Richardson
Victoria,Carter
Blake,Chapman
Camila,Stevens
Stella,Sullivan
Alford,Kelley
Ryan,Morgan
Adison,Harrison
Dominik,Carroll
Edgar,Richardson
Deanna,Morris
David,Richardson
Florrie,Grant
Maya,Kelley
Adrianna,Ferguson
